City_ID,City,Country,Lat,Lng,Max Temp,Humidity,Cloudiness,Wind Speed,Current Description
0,Punta Arenas,CL,-53.15,-70.92,55.4,54,75,25.28,broken clouds
1,Hualmay,PE,-11.1,-77.61,71.19,69,52,10.78,broken clouds
2,Arraial Do Cabo,BR,-22.97,-42.03,82.4,69,0,26.4,clear sky
3,Dikson,RU,73.51,80.55,31.41,99,100,27.11,light snow
4,Nemuro,JP,43.32,145.57,33.51,88,23,8.99,few clouds
5,Sao Filipe,CV,14.9,-24.5,74.86,67,94,12.5,overcast clouds
6,Saint-Pierre,RE,-21.34,55.48,75.2,73,40,2.24,scattered clouds
7,Kutum,SD,14.2,24.67,61.18,27,0,7.92,clear sky
8,Saskylakh,RU,71.92,114.08,12.16,93,95,15.75,overcast clouds
9,Gabu,GW,12.28,-14.22,79.72,23,60,3.0,broken clouds
10,Tignere,CM,7.37,12.65,68.72,33,36,2.82,scattered clouds
11,Samarai,PG,-10.62,150.67,81.14,83,68,8.5,broken clouds
12,Kayerkan,RU,69.35,87.76,5.0,84,90,29.08,snow
13,Avarua,CK,-21.21,-159.78,80.6,88,82,5.82,moderate rain
14,Tuktoyaktuk,CA,69.45,-133.04,-5.8,76,75,6.93,fog
15,Norman Wells,CA,65.28,-126.83,-2.2,77,75,2.24,broken clouds
16,Luan,CH,46.36,6.98,39.0,97,40,3.36,scattered clouds
17,Albany,US,42.6,-73.97,51.01,36,0,4.43,clear sky
18,Thompson,CA,55.74,-97.86,5.0,77,75,3.36,broken clouds
19,Busselton,AU,-33.65,115.33,52.0,97,31,19.01,scattered clouds
20,Brae,GB,60.4,-1.35,48.2,87,40,23.04,light rain
21,Abnub,EG,27.27,31.15,62.6,51,0,6.93,clear sky
22,Beloha,MG,-25.17,45.05,72.1,97,16,6.38,few clouds
23,Constitucion,CL,-35.33,-72.42,66.69,48,0,18.77,clear sky
24,Chokurdakh,RU,70.63,147.92,-6.7,92,98,11.63,overcast clouds
25,Freeport,US,40.66,-73.58,55.0,40,1,11.41,clear sky
26,Cherskiy,RU,68.75,161.3,-9.49,90,100,4.12,overcast clouds
27,Vostok,RU,46.49,135.88,2.39,94,100,4.7,overcast clouds
28,Ulaangom,MN,49.98,92.07,10.63,92,100,3.11,overcast clouds
29,New Norfolk,AU,-42.78,147.06,46.0,74,50,2.13,scattered clouds
30,Beringovskiy,RU,63.05,179.32,4.62,92,8,13.4,clear sky
31,Bluff,NZ,-46.6,168.33,51.01,93,100,3.0,light rain
32,Jinxiang,CN,27.43,120.61,56.19,69,100,12.1,light rain
33,Manado,ID,1.49,124.85,75.2,100,40,1.12,light rain
34,Sisimiut,GL,66.94,-53.67,24.89,94,100,7.11,overcast clouds
35,Pangnirtung,CA,66.15,-65.71,8.6,84,90,4.7,light snow
36,Guerrero Negro,MX,27.98,-114.06,73.31,23,0,7.36,clear sky
37,Saint-Philippe,RE,-21.36,55.77,75.2,73,40,2.24,scattered clouds
38,Hermanus,ZA,-34.42,19.23,60.01,80,0,6.91,clear sky
39,Mandiana,GN,10.63,-8.68,80.62,29,100,2.19,overcast clouds
40,Bengkulu,ID,-3.8,102.27,74.57,84,100,3.67,heavy intensity rain
41,Yellowknife,CA,62.46,-114.35,26.01,79,20,8.05,few clouds
42,Hobart,AU,-42.88,147.33,50.0,81,20,5.82,few clouds
43,Pimentel,PE,-6.84,-79.93,75.2,60,0,19.46,clear sky
44,Moree,AU,-29.47,149.85,77.0,31,100,5.82,overcast clouds
45,Pak Phanang,TH,8.35,100.2,78.66,83,80,7.11,broken clouds
46,Bethel,US,41.37,-73.41,53.01,32,1,4.7,clear sky
47,Ushuaia,AR,-54.8,-68.3,50.0,61,75,20.8,broken clouds
48,Caluquembe,AO,-13.78,14.68,62.33,98,100,1.74,moderate rain
49,Provideniya,RU,64.38,-173.3,21.2,67,75,17.9,heavy snow
50,Izhma,RU,65.01,53.91,15.85,93,100,8.77,overcast clouds
51,Raduzhnyy,RU,62.1,77.47,2.01,93,100,7.56,overcast clouds
52,Ilmenau,DE,50.68,10.9,33.8,69,75,1.12,broken clouds
53,Nouadhibou,MR,20.93,-17.03,69.8,73,0,11.41,clear sky
54,Jumla,NP,29.27,82.18,43.09,53,0,3.91,clear sky
55,Limon,CR,10.0,-83.03,82.4,78,75,9.17,broken clouds
56,Luis Correia,BR,-2.88,-41.67,83.17,69,0,13.85,clear sky
57,Mataura,NZ,-46.19,168.86,51.01,92,100,1.99,light rain
58,Hithadhoo,MV,-0.6,73.08,82.29,69,100,7.9,overcast clouds
59,Rikitea,PF,-23.12,-134.97,76.32,81,92,11.9,light rain
60,Port Lincoln,AU,-34.73,135.87,59.67,80,0,13.51,clear sky
61,Iskateley,RU,67.68,53.15,20.08,95,100,17.34,overcast clouds
62,Anadyr,RU,64.75,177.48,-0.4,84,75,15.66,light snow
63,Lasa,IT,46.62,10.7,30.2,80,5,4.7,clear sky
64,Oktyabrskoye,RU,43.06,44.74,28.4,100,99,4.47,overcast clouds
65,Avera,US,33.19,-82.53,59.0,93,90,5.82,overcast clouds
66,Champerico,GT,14.3,-91.92,89.6,55,20,9.17,few clouds
67,Alofi,NU,-19.06,-169.92,78.8,94,100,4.7,overcast clouds
68,Mahebourg,MU,-20.41,57.7,75.2,83,40,6.93,scattered clouds
69,Garowe,SO,8.41,48.48,74.48,62,0,12.66,clear sky
70,Faanui,PF,-16.48,-151.75,81.23,76,0,8.28,clear sky
71,Ola,RU,59.58,151.28,9.68,89,99,9.95,overcast clouds
72,Hasaki,JP,35.73,140.83,41.0,86,40,4.7,scattered clouds
73,Lebu,CL,-37.62,-73.65,55.99,64,0,25.61,clear sky
74,Esperance,AU,-33.87,121.9,60.8,82,75,19.46,broken clouds
75,Menongue,AO,-14.66,17.69,64.67,86,39,2.35,light rain
76,Jamestown,US,42.1,-79.24,50.0,39,1,9.17,clear sky
77,Airai,TL,-8.93,125.41,61.88,91,19,1.52,few clouds
78,Hambantota,LK,6.12,81.12,78.8,94,0,6.93,clear sky
79,Mount Isa,AU,-20.73,139.5,77.0,41,0,4.97,clear sky
80,Correntina,BR,-13.34,-44.64,78.33,63,100,4.03,overcast clouds
81,Atuona,PF,-9.8,-139.03,79.34,77,4,22.17,clear sky
82,Labuhan,ID,-6.88,112.21,75.88,89,100,9.69,overcast clouds
83,Omboue,GA,-1.57,9.26,77.05,88,85,4.83,overcast clouds
84,Harper,LR,4.38,-7.72,78.96,83,80,5.21,broken clouds
85,Pochutla,MX,15.74,-96.47,86.0,66,75,6.64,broken clouds
86,Witham,GB,51.8,0.64,45.0,94,18,0.51,few clouds
87,Austin,US,30.27,-97.74,55.99,66,75,14.99,broken clouds
88,Bandarbeyla,SO,9.49,50.81,77.0,77,0,13.42,clear sky
89,Nikolskoye,RU,59.7,30.79,30.2,86,90,13.42,overcast clouds
90,Pierre,US,44.37,-100.35,36.0,40,1,23.04,clear sky
91,Gulu,UG,2.77,32.3,65.03,82,81,2.3,broken clouds
92,Pandaria,IN,22.23,81.42,63.18,59,43,3.76,scattered clouds
93,Krasnorechenskiy,RU,44.63,135.35,3.88,91,57,6.38,broken clouds
94,Saldanha,ZA,-33.01,17.94,62.6,72,0,14.99,clear sky
95,Taltal,CL,-25.4,-70.48,68.85,53,22,6.96,few clouds
96,Kavarskas,LT,55.43,24.92,29.59,98,97,6.62,overcast clouds
97,San Luis,AR,-33.3,-66.34,75.99,46,0,23.13,clear sky
98,Kapaa,US,22.08,-159.32,78.8,69,20,13.87,few clouds
99,Vaini,TO,-21.2,-175.2,77.0,78,40,13.87,light intensity shower rain
100,Dakar,SN,14.69,-17.44,77.0,69,0,11.41,clear sky
101,Castro,BR,-24.79,-50.01,78.03,62,100,0.4,heavy intensity rain
102,Waycross,US,31.21,-82.35,62.6,82,90,3.36,light intensity drizzle
103,Barrow,US,71.29,-156.79,1.4,84,90,5.82,overcast clouds
104,Georgetown,MY,5.41,100.34,78.8,94,20,2.24,few clouds
105,Uhlove,UA,44.82,33.6,50.59,60,91,7.25,overcast clouds
106,Sabang,ID,5.89,95.32,80.38,76,100,4.59,overcast clouds
107,Kenai,US,60.55,-151.26,26.01,92,20,4.7,fog
108,Cape Town,ZA,-33.93,18.42,63.0,77,0,18.34,clear sky
109,Megion,RU,61.03,76.11,-4.0,83,75,6.69,broken clouds
110,Tahoua,NE,14.89,5.27,84.2,26,0,8.84,clear sky
111,Lyman,UA,48.99,37.8,41.74,83,99,10.65,overcast clouds
112,Vardo,NO,70.37,31.11,30.2,86,20,44.96,few clouds
113,Kahului,US,20.89,-156.47,77.0,65,40,11.41,scattered clouds
114,Ponta Do Sol,PT,32.67,-17.1,57.2,71,75,24.16,light intensity shower rain
115,Hofn,IS,64.25,-15.21,39.15,72,100,14.36,overcast clouds
116,Bhatkal,IN,13.97,74.57,79.68,71,0,9.31,clear sky
117,Nirsa,IN,23.78,86.72,64.24,43,0,4.21,clear sky
118,Novoomskiy,RU,54.84,73.3,3.2,84,40,6.71,light snow
119,Prokhorovka,RU,51.04,36.73,41.0,86,90,13.42,overcast clouds
120,Torbay,CA,47.67,-52.73,42.01,93,90,21.92,overcast clouds
121,Sumenep,ID,-7.02,113.87,76.78,82,96,4.74,overcast clouds
122,Mar Del Plata,AR,-38.0,-57.56,68.0,49,70,17.22,broken clouds
123,Khatanga,RU,71.97,102.5,15.08,95,100,21.25,overcast clouds
124,Sao Jose Da Coroa Grande,BR,-8.9,-35.15,78.44,74,100,9.78,overcast clouds
125,Tondano,ID,1.3,124.91,75.2,100,40,1.12,light rain
126,Butaritari,KI,3.07,172.79,81.9,77,37,21.41,scattered clouds
127,Sinnar,SD,13.57,33.57,72.61,26,0,10.27,clear sky
128,Lima,PE,-12.04,-77.03,71.6,68,20,10.29,light rain
129,Sitka,US,57.05,-135.33,39.2,86,75,5.82,broken clouds
130,Bredasdorp,ZA,-34.53,20.04,57.2,76,0,3.36,clear sky
131,Puerto Ayora,EC,-0.74,-90.35,77.0,73,75,19.46,broken clouds
132,Billings,US,45.78,-108.5,39.2,48,20,13.87,few clouds
133,Nantucket,US,41.28,-70.1,53.6,58,1,12.75,clear sky
134,Saint-Augustin,CA,51.23,-58.65,29.88,94,82,12.75,broken clouds
135,Mangrol,IN,21.12,70.12,75.61,77,0,3.33,clear sky
136,Saint Anthony,US,45.02,-93.22,37.0,43,1,14.99,clear sky
137,Aksarka,RU,66.56,67.8,21.33,93,100,18.23,overcast clouds
138,Bireun,ID,5.2,96.7,76.75,82,100,4.0,overcast clouds
139,Klaksvik,FO,62.23,-6.59,44.6,75,42,21.92,scattered clouds
140,Jadu,LY,31.95,12.03,54.64,52,0,16.44,clear sky
141,Grand Gaube,MU,-20.01,57.66,75.99,80,3,4.0,clear sky
142,Longyearbyen,SJ,78.22,15.64,19.4,62,75,19.46,light snow
143,Tasiilaq,GL,65.61,-37.64,12.2,61,0,3.36,clear sky
144,Hovd,MN,48.01,91.64,12.63,90,100,1.19,overcast clouds
145,Tuatapere,NZ,-46.13,167.68,51.01,93,100,3.0,moderate rain
146,Srednekolymsk,RU,67.45,153.68,-15.57,88,100,6.73,overcast clouds
147,Puerto Colombia,CO,10.99,-74.95,86.0,74,75,8.05,broken clouds
148,Piacabucu,BR,-10.41,-36.43,78.6,74,89,10.65,overcast clouds
149,San Patricio,US,28.02,-97.52,66.2,68,20,11.41,few clouds
150,Margate,GB,51.38,1.39,48.0,83,2,5.14,clear sky
151,Mosquera,CO,4.71,-74.23,66.2,48,20,9.17,few clouds
152,Namibe,AO,-15.2,12.15,72.0,77,100,7.02,overcast clouds
153,Port Hawkesbury,CA,45.62,-61.35,41.0,75,90,12.75,overcast clouds
154,Kodiak,US,57.79,-152.41,32.0,92,90,9.17,overcast clouds
155,Pevek,RU,69.7,170.31,-1.03,93,100,8.08,overcast clouds
156,Ratnagiri,IN,16.98,73.3,78.3,68,0,4.61,clear sky
157,Kytmanovo,RU,53.46,85.45,11.8,96,10,1.79,clear sky
158,Banepa,NP,27.63,85.52,48.2,87,20,2.24,few clouds
159,Yulara,AU,-25.24,130.99,84.2,26,98,16.11,overcast clouds
160,Medicine Hat,CA,50.05,-110.67,37.4,55,90,17.22,overcast clouds
161,Lethem,GY,3.38,-59.8,89.44,56,93,5.79,overcast clouds
162,Husavik,IS,66.04,-17.34,28.4,86,75,2.24,snow
163,East London,ZA,-33.02,27.91,62.6,88,0,2.24,clear sky
164,Mason City,US,43.15,-93.2,35.6,64,90,21.92,overcast clouds
165,Kavieng,PG,-2.57,150.8,80.76,80,100,21.3,light rain
166,Katsuura,JP,35.13,140.3,46.4,65,75,9.17,broken clouds
167,Iqaluit,CA,63.75,-68.51,-13.0,69,20,11.41,few clouds
168,Souillac,MU,-20.52,57.52,75.2,83,40,6.93,scattered clouds
169,Hanting,CN,36.77,119.21,31.24,86,0,4.9,clear sky
170,Sibu,MY,2.3,111.82,73.4,94,40,3.36,moderate rain
171,Coos Bay,US,43.37,-124.22,53.01,66,1,6.93,clear sky
172,Mahajanga,MG,-15.72,46.32,82.4,78,20,10.29,few clouds
173,Halifax,CA,44.65,-63.57,45.0,56,0,9.17,clear sky
174,Port Blair,IN,11.67,92.75,80.62,79,0,14.0,clear sky
175,Kruisfontein,ZA,-34.0,24.73,59.0,87,0,3.06,clear sky
176,Merauke,ID,-8.47,140.33,78.96,86,100,10.18,overcast clouds
177,Isangel,VU,-19.55,169.27,74.64,63,2,8.14,clear sky
178,Westport,US,41.14,-73.36,53.01,43,1,9.17,clear sky
179,Olinda,BR,-8.01,-34.86,80.6,57,40,12.75,scattered clouds
180,Upernavik,GL,72.79,-56.15,8.04,88,100,18.32,overcast clouds
181,Mosetse,BW,-20.75,26.65,78.67,54,60,7.74,broken clouds
182,Ribeira Grande,PT,38.52,-28.7,59.0,72,40,8.05,scattered clouds
183,Natal,BR,-5.79,-35.21,84.2,66,75,20.8,broken clouds
184,Iskitim,RU,54.64,83.3,1.4,84,20,4.47,mist
185,Klyuchi,RU,52.27,79.17,14.4,94,0,6.11,clear sky
186,Stykkisholmur,IS,65.08,-22.73,32.99,90,60,15.39,broken clouds
187,Fort Abbas,PK,29.19,72.85,62.33,28,0,3.11,clear sky
188,Hilo,US,19.73,-155.09,77.0,65,1,3.36,clear sky
189,Rio Gallegos,AR,-51.62,-69.22,60.8,50,40,29.97,scattered clouds
190,Whitehorse,CA,60.72,-135.05,26.6,79,20,23.04,few clouds
191,Saint George,US,37.1,-113.58,51.01,24,1,2.21,clear sky
192,Garden City,US,42.33,-83.33,48.99,57,75,12.75,broken clouds
193,Turochak,RU,52.26,87.12,17.28,96,67,1.28,broken clouds
194,Carnarvon,AU,-24.87,113.63,68.0,72,40,24.16,scattered clouds
195,Qaanaaq,GL,77.48,-69.36,-17.46,81,100,0.56,overcast clouds
196,Kilinochchi,LK,9.4,80.4,77.38,88,84,8.99,light rain
197,Sakakah,SA,29.97,40.21,57.2,67,0,5.82,clear sky
198,Pacific Grove,US,36.62,-121.92,60.01,35,1,7.61,clear sky
199,Taree,AU,-31.9,152.47,68.0,77,90,5.82,overcast clouds
200,Half Moon Bay,US,37.46,-122.43,59.0,66,1,4.7,clear sky
201,Richards Bay,ZA,-28.78,32.04,67.55,75,27,5.23,scattered clouds
202,Bambous Virieux,MU,-20.34,57.76,75.99,83,40,6.93,scattered clouds
203,Port Alfred,ZA,-33.59,26.89,63.63,73,0,7.16,clear sky
204,Itarema,BR,-2.92,-39.92,82.11,69,82,17.96,broken clouds
205,Surt,LY,31.21,16.59,66.02,39,0,13.96,clear sky
206,Kloulklubed,PW,7.04,134.26,80.6,83,75,3.36,broken clouds
207,Arman,RU,59.7,150.17,9.5,92,100,11.45,overcast clouds
208,Whitehaven,GB,54.55,-3.58,46.0,95,99,1.99,overcast clouds
209,Moerai,PF,-22.43,-151.33,78.28,88,99,11.41,overcast clouds
210,Camacha,PT,33.08,-16.33,59.0,72,40,12.75,shower rain
211,Panama City,PA,8.99,-79.52,87.8,66,40,11.41,heavy intensity rain
212,Linxia,CN,35.6,103.21,26.55,95,100,1.01,light snow
213,Nelson Bay,AU,-32.72,152.15,66.99,88,75,11.41,broken clouds
214,Channel-Port Aux Basques,CA,47.57,-59.14,37.89,80,94,18.34,overcast clouds
215,Omsukchan,RU,62.53,155.8,-10.8,83,6,3.51,clear sky
216,Lukow,PL,51.93,22.38,35.01,50,99,4.94,overcast clouds
217,Yumen,CN,40.28,97.2,17.64,86,51,1.21,broken clouds
218,Metro,ID,-5.11,105.31,73.44,89,100,4.34,overcast clouds
219,Lidingo,SE,59.37,18.18,33.01,91,90,2.24,overcast clouds
220,Outlook,CA,51.5,-107.05,23.0,72,0,17.22,clear sky
221,Nuuk,GL,64.18,-51.72,28.4,92,100,17.22,heavy snow
222,Alekseyevka,RU,50.63,38.69,38.79,84,100,14.05,overcast clouds
223,North Battleford,CA,52.78,-108.28,23.0,67,1,6.93,clear sky
224,Yeppoon,AU,-23.13,150.73,64.4,88,0,4.25,clear sky
225,Zhigalovo,RU,54.81,105.16,7.47,92,100,2.55,light snow
226,Harer,ET,9.31,42.13,59.14,49,1,2.66,clear sky
227,Norsup,VU,-16.07,167.38,73.4,100,75,10.31,broken clouds
228,Muros,ES,42.78,-9.06,52.0,88,100,1.01,overcast clouds
229,Coquimbo,CL,-29.95,-71.34,64.4,68,0,14.99,clear sky
230,George Town,MY,5.41,100.34,78.8,94,20,2.24,few clouds
231,Portland,US,45.52,-122.68,48.99,92,0,3.02,clear sky
232,Caravelas,BR,-17.71,-39.25,77.52,74,95,7.94,overcast clouds
233,Samana,DO,19.21,-69.34,87.8,70,20,4.7,few clouds
234,Ponta Delgada,PT,37.73,-25.67,59.0,82,40,32.21,scattered clouds
235,Talnakh,RU,69.49,88.4,5.0,84,90,29.08,snow
236,Banda Aceh,ID,5.56,95.32,78.44,78,100,3.74,overcast clouds
237,Fort Walton Beach,US,30.41,-86.62,66.0,100,90,4.7,moderate rain
238,Lorengau,PG,-2.02,147.27,81.82,79,100,4.94,moderate rain
239,Fort Nelson,CA,58.81,-122.7,28.4,74,75,4.7,broken clouds
240,Santo Tomas,PH,14.11,121.14,77.0,94,90,5.82,light rain
241,Yerbogachen,RU,61.28,108.01,-6.57,91,74,6.33,broken clouds
242,Grindavik,IS,63.84,-22.43,33.8,80,75,14.99,broken clouds
243,Cockburn Town,TC,21.46,-71.14,80.6,61,40,9.17,scattered clouds
244,Shaunavon,CA,49.65,-108.42,19.4,67,0,5.82,clear sky
245,Chuy,UY,-33.7,-53.46,79.05,60,5,8.63,clear sky
246,Noumea,NC,-22.28,166.46,73.99,77,0,3.36,clear sky
247,Kaitangata,NZ,-46.28,169.85,52.0,87,100,1.01,moderate rain
248,Diffa,NE,13.32,12.61,69.6,23,0,4.18,clear sky
249,Taksimo,RU,56.34,114.88,-6.93,82,0,2.17,clear sky
250,Kazachka,RU,53.36,38.07,38.43,87,100,17.69,light rain
251,Zabaykalsk,RU,49.63,117.32,-1.53,88,0,8.3,clear sky
252,Coihaique,CL,-45.58,-72.07,55.4,54,40,6.93,scattered clouds
253,Hirara,JP,24.8,125.28,68.99,72,23,27.94,few clouds
254,Jiayuguan,CN,39.82,98.3,19.13,84,86,1.32,overcast clouds
255,Churapcha,RU,62.0,132.43,-28.25,85,100,0.2,overcast clouds
256,Khorixas,NA,-20.37,14.97,72.12,33,0,11.41,clear sky
257,Fortuna,US,40.6,-124.16,55.99,66,41,4.0,scattered clouds
258,Perdoes,BR,-21.09,-45.09,77.59,62,42,4.52,scattered clouds
259,Port Elizabeth,ZA,-33.92,25.57,59.0,87,0,5.82,clear sky
260,Praya,CV,14.92,-23.51,73.4,69,75,13.87,broken clouds
261,Nome,US,64.5,-165.41,15.8,61,1,4.7,clear sky
262,Vao,NC,-22.67,167.48,73.08,61,0,9.6,clear sky
263,Zhigansk,RU,66.77,123.37,-2.29,92,100,11.12,overcast clouds
264,Pontianak,ID,-0.03,109.33,74.01,95,93,2.44,light rain
265,Broome,US,42.25,-75.83,52.0,42,1,11.41,clear sky
266,Rafaela,AR,-31.25,-61.49,95.81,30,27,10.92,heavy intensity rain
267,Bubaque,GW,11.28,-15.83,81.68,50,26,9.6,scattered clouds
268,College,US,64.86,-147.8,7.0,76,40,3.36,scattered clouds
269,Kynashiv,UA,48.67,28.9,30.0,88,31,1.68,scattered clouds
270,Kibala,TD,9.11,18.35,79.68,27,84,3.31,broken clouds
271,Spencer,US,43.14,-95.14,35.6,47,1,28.86,clear sky
272,Lufilufi,WS,-13.87,-171.6,86.0,79,75,6.93,broken clouds
273,Saint-Francois,FR,46.42,3.91,37.4,97,90,9.17,overcast clouds
274,Luderitz,NA,-26.65,15.16,59.0,87,0,17.22,clear sky
275,Sao Felix Do Xingu,BR,-6.64,-51.99,85.86,63,100,3.06,light rain
276,Nenjiang,CN,49.18,125.22,3.25,91,99,4.99,overcast clouds
277,Neuquen,AR,-38.95,-68.06,75.2,15,0,10.29,clear sky
278,Port Hardy,CA,50.7,-127.42,44.6,87,90,19.46,light rain
279,Tefe,BR,-3.35,-64.71,89.6,66,40,6.93,scattered clouds
280,Wolsztyn,PL,52.12,16.12,34.0,100,68,3.36,broken clouds
281,Borba,BR,-4.39,-59.59,92.52,51,100,2.46,moderate rain
282,Pitimbu,BR,-7.47,-34.81,82.4,69,20,16.11,few clouds
283,Faya,SA,18.39,42.45,59.0,72,0,3.0,clear sky
284,Sept-Iles,CA,50.2,-66.38,34.0,80,94,6.93,light rain
285,Koumac,NC,-20.57,164.28,74.57,64,0,3.4,clear sky
286,Dingle,PH,11.0,122.67,74.61,92,37,7.05,scattered clouds
287,Bayir,TR,37.27,28.22,57.2,93,75,3.36,thunderstorm
288,Kosonsoy,UZ,41.26,71.55,30.2,86,0,4.7,mist
289,Tigzirt,DZ,36.89,4.12,59.88,83,47,9.37,scattered clouds
290,Umm Lajj,SA,25.02,37.27,73.15,49,0,13.96,clear sky
291,Zhezkazgan,KZ,47.8,67.71,2.12,91,0,6.78,clear sky
292,Brindisi,IT,40.58,17.67,57.2,93,40,6.93,scattered clouds
293,Sulangan,PH,11.14,123.72,81.97,79,49,17.96,scattered clouds
294,Andreyevo,RU,55.95,41.15,34.66,94,100,11.83,overcast clouds
295,Waipawa,NZ,-41.41,175.52,59.0,82,100,19.46,overcast clouds
296,Rocha,UY,-34.48,-54.33,79.72,55,0,10.38,clear sky
297,Victoria,HK,22.29,114.16,64.99,68,100,1.99,overcast clouds
298,Korla,CN,41.76,86.15,26.91,92,88,6.58,overcast clouds
299,Kasama,ZM,-10.21,31.18,68.27,69,60,3.65,broken clouds
300,Tautira,PF,-17.73,-149.15,86.0,66,20,13.87,few clouds
301,Bathsheba,BB,13.22,-59.52,84.2,74,20,18.34,few clouds
302,Homer,US,59.64,-151.55,33.01,95,90,2.26,mist
303,Mmabatho,ZA,-25.85,25.63,71.6,68,20,3.36,few clouds
304,Sheridan,US,44.83,-106.92,44.01,33,1,11.41,clear sky
305,Goma,CD,-1.68,29.22,61.72,82,87,2.48,overcast clouds
306,New Milford,US,40.93,-74.02,55.0,37,1,8.05,clear sky
307,Eureka,US,40.8,-124.16,52.0,66,1,2.84,clear sky
308,Bintulu,MY,3.17,113.03,73.4,94,20,5.82,few clouds
309,Mount Gambier,AU,-37.83,140.77,46.4,100,94,5.82,overcast clouds
310,Hashtrud,IR,37.48,47.05,35.56,96,100,1.68,overcast clouds
311,Codrington,AU,-38.27,141.97,49.06,90,89,6.38,overcast clouds
312,High Level,CA,58.52,-117.14,3.2,91,20,3.36,smoke
313,Ahipara,NZ,-35.17,173.17,65.17,92,100,11.92,overcast clouds
314,Tripoli,LY,32.88,13.19,66.24,57,0,23.38,clear sky
315,Berdigestyakh,RU,62.1,126.7,-7.44,90,100,5.73,overcast clouds
316,Goundam,ML,16.41,-3.67,80.13,16,100,9.4,overcast clouds
317,Clyde River,CA,70.47,-68.59,-13.0,75,1,5.82,clear sky
318,Anito,PH,12.45,125.29,78.84,86,55,13.09,broken clouds
319,Bologoye,RU,57.88,34.11,35.17,97,100,10.09,overcast clouds
320,Peniche,PT,39.36,-9.38,53.01,87,21,8.01,few clouds
321,Abu Kamal,SY,34.45,40.92,56.37,59,0,3.02,clear sky
322,Lagoa,PT,39.05,-27.98,60.98,74,99,27.34,overcast clouds
323,Necochea,AR,-38.55,-58.74,64.99,66,95,21.45,overcast clouds
324,Parabel,RU,58.7,81.48,0.34,93,28,4.47,scattered clouds
325,Sao Joao Da Barra,BR,-21.64,-41.05,82.4,61,0,19.46,clear sky
326,Ryotsu,JP,38.08,138.43,45.07,89,100,15.79,overcast clouds
327,Alta Floresta,BR,-9.88,-56.09,95.0,44,40,5.82,scattered clouds
328,Kinarut,MY,5.82,116.05,75.2,94,40,5.82,scattered clouds
329,Tilichiki,RU,60.47,166.1,0.64,92,0,8.79,clear sky
330,Namtsy,RU,62.72,129.67,-32.8,66,0,4.47,clear sky
331,San Vicente,AR,-26.62,-54.13,90.3,38,74,3.29,light rain
332,Vila Velha,BR,-20.33,-40.29,82.4,69,20,11.41,few clouds
333,Aden,YE,12.78,45.04,78.84,78,10,11.39,clear sky
334,Onguday,RU,50.75,86.15,15.96,87,100,1.97,overcast clouds
335,Touros,BR,-5.2,-35.46,82.4,69,40,18.34,scattered clouds
336,Sorong,ID,-0.88,131.25,80.49,83,100,12.62,moderate rain
337,Lavumisa,SZ,-27.31,31.89,66.36,70,64,5.77,broken clouds
338,Timbiqui,CO,2.77,-77.67,80.6,81,96,8.7,light rain
339,Geraldton,AU,-28.77,114.6,64.4,63,100,10.29,overcast clouds
340,Thunder Bay,CA,48.4,-89.32,30.2,68,75,13.87,broken clouds
341,Plainview,US,40.78,-73.47,54.0,40,1,11.41,clear sky
342,Te Anau,NZ,-45.42,167.72,45.68,87,100,0.74,light rain
343,Mugumu,TZ,-1.85,34.7,63.19,93,100,2.64,moderate rain
344,Rajauri,IN,33.38,74.3,55.18,39,0,3.15,clear sky
345,Puro,PH,12.48,123.38,79.36,82,59,13.56,broken clouds
346,Ngorongoro,TZ,-3.24,35.49,55.54,98,100,3.09,light rain
347,Pedernales,DO,18.04,-71.74,84.2,66,20,16.11,few clouds
348,Sola,VU,-13.88,167.55,77.99,89,76,12.66,broken clouds
349,San Jeronimo,PE,-11.95,-75.28,60.6,51,100,4.34,light rain
350,Stornoway,GB,58.21,-6.39,46.99,91,100,1.99,overcast clouds
351,Salta,AR,-24.79,-65.41,89.6,38,75,9.17,broken clouds
352,Kushima,JP,31.46,131.23,46.62,73,28,5.3,scattered clouds
353,Dobryanka,RU,58.46,56.42,14.0,92,75,4.47,light snow
354,Rio Branco Do Sul,BR,-25.19,-49.31,82.4,51,0,4.7,light rain
355,Kousseri,CM,12.08,15.03,77.05,19,87,8.97,overcast clouds
356,Mingyue,CN,43.11,128.92,14.72,84,0,10.42,clear sky
357,Huambo,AO,-12.78,15.74,62.53,91,99,3.42,overcast clouds
358,Veraval,IN,20.9,70.37,75.78,75,0,3.49,clear sky
359,Amapa,BR,1.0,-52.0,79.11,93,100,3.27,light rain
360,Warwick,US,41.7,-71.42,55.99,35,1,9.17,clear sky
361,Zelenoborskiy,RU,66.84,32.36,24.01,2,100,13.24,overcast clouds
362,Lingyuan,CN,41.24,119.4,7.88,86,0,4.0,clear sky
363,Hobyo,SO,5.35,48.53,78.94,75,80,13.11,broken clouds
364,Safety Harbor,US,27.99,-82.69,82.0,50,100,5.82,overcast clouds
365,Paso De Los Toros,UY,-32.82,-56.52,87.8,40,20,9.17,few clouds
366,Mehamn,NO,71.04,27.85,32.0,74,0,31.09,clear sky
367,Kamenka,RU,51.32,42.77,32.0,88,0,11.01,clear sky
368,San Francisco,US,37.77,-122.42,57.99,62,20,3.36,few clouds
369,Kirsanov,RU,52.65,42.72,29.35,95,44,13.27,scattered clouds
370,West Wendover,US,40.74,-114.07,35.6,47,1,8.05,clear sky
371,Santo Antonio Do Sudoeste,BR,-26.07,-53.73,90.93,38,81,4.12,light rain
372,Ilulissat,GL,69.22,-51.1,28.4,63,100,18.34,overcast clouds
373,Qurayyat,SA,31.33,37.34,51.8,71,0,4.7,clear sky
374,Presidencia Roque Saenz Pena,AR,-26.79,-60.44,99.27,35,79,4.45,broken clouds
375,Helena,US,46.59,-112.04,37.99,59,1,2.24,clear sky
376,Ancud,CL,-41.87,-73.82,55.4,58,90,5.82,overcast clouds
377,Aswan,EG,24.09,32.91,63.07,30,0,9.1,clear sky
378,Iranshahr,IR,27.2,60.68,62.6,18,0,6.93,clear sky
379,Mumbwa,ZM,-14.98,27.06,73.4,61,68,1.25,light rain
380,Jiexiu,CN,37.02,111.91,24.73,81,8,1.16,clear sky
381,Cidreira,BR,-30.18,-50.21,79.21,77,39,6.53,scattered clouds
382,Fairbanks,US,64.84,-147.72,7.0,76,40,3.36,scattered clouds
383,Alyangula,AU,-13.85,136.42,75.2,100,64,9.19,mist
384,Beni Mazar,EG,28.5,30.8,54.25,62,0,3.0,clear sky
385,Varberg,SE,57.11,12.25,32.0,94,100,3.0,overcast clouds
386,Taoudenni,ML,22.68,-3.98,71.1,22,100,6.22,overcast clouds
387,San Andres,CO,12.58,-81.7,75.2,94,90,20.56,thunderstorm with light rain
388,Cieza,ES,38.24,-1.42,55.99,71,0,2.84,clear sky
389,Broken Hill,AU,-31.95,141.43,60.8,38,2,2.24,clear sky
390,Muzhi,RU,65.37,64.67,16.0,90,100,7.96,overcast clouds
391,Floro,NO,61.6,5.03,44.6,81,75,23.04,broken clouds
392,Aklavik,CA,68.22,-135.01,-2.2,84,100,4.7,overcast clouds
393,Opuwo,NA,-18.06,13.84,74.14,48,87,8.3,overcast clouds
394,Aktash,RU,50.3,87.73,2.59,95,100,1.52,overcast clouds
395,Vila Franca Do Campo,PT,37.72,-25.43,59.0,82,40,32.21,scattered clouds
396,Miraflores,MX,19.22,-98.81,79.0,17,5,6.93,clear sky
397,Aviles,ES,43.55,-5.92,53.01,93,0,1.12,clear sky
398,Narsaq,GL,60.92,-46.05,21.2,48,100,6.93,overcast clouds
399,Malakal,SS,9.53,31.66,77.29,20,0,5.14,clear sky
400,Baiyin,CN,36.56,104.21,36.0,58,0,4.47,snow
401,Ardino,BG,41.58,25.13,53.01,75,90,3.36,overcast clouds
402,Amga,RU,60.9,131.96,-16.53,87,100,1.45,overcast clouds
403,Pocoes,BR,-14.53,-40.37,69.71,82,100,8.66,overcast clouds
404,Havoysund,NO,71.0,24.66,39.2,69,40,20.8,scattered clouds
405,Henties Bay,NA,-22.12,14.28,57.99,90,2,2.08,clear sky
406,Tottori,JP,35.5,134.23,48.07,72,90,7.2,overcast clouds
407,Polignano A Mare,IT,41.0,17.22,55.99,92,100,1.01,light rain
408,Panaba,MX,21.28,-88.27,84.79,66,73,7.34,light rain
409,Chakulia,IN,22.48,86.72,63.86,43,14,4.27,few clouds
410,Asau,RO,46.43,26.4,34.0,93,75,3.36,broken clouds
411,French Harbor,HN,16.35,-86.43,84.99,70,20,11.41,few clouds
412,Benicarlo,ES,40.42,0.43,50.0,86,5,1.01,clear sky
413,Trairi,BR,-3.28,-39.27,81.93,70,72,14.67,broken clouds
414,Blanes,ES,41.67,2.79,59.0,100,0,3.36,clear sky
415,Marsh Harbour,BS,26.54,-77.06,77.74,69,78,9.46,broken clouds
416,Bonavista,CA,48.65,-53.11,39.99,100,100,10.29,overcast clouds
417,Zaqatala,AZ,41.63,46.64,41.0,80,90,6.93,overcast clouds
418,Mwene-Ditu,CD,-7.0,23.45,66.65,99,100,2.68,overcast clouds
419,Tres Arroyos,AR,-38.37,-60.28,65.28,44,50,19.48,scattered clouds
420,Urambo,TZ,-5.07,32.05,65.8,95,96,3.42,moderate rain
421,Kikwit,CD,-5.04,18.82,71.51,90,100,2.44,light rain
422,Aripuana,BR,-9.17,-60.63,88.59,57,100,1.54,light rain
423,Pouembout,NC,-21.13,164.9,75.13,62,1,6.31,clear sky
424,Cajamarca,PE,-7.16,-78.5,64.4,63,75,4.7,light rain
425,Thinadhoo,MV,0.53,72.93,82.0,66,7,5.91,clear sky
426,Uyuni,BO,-20.46,-66.83,71.38,20,73,4.54,broken clouds
427,Marzuq,YE,14.4,46.47,63.14,82,1,4.94,clear sky
428,Presidente Medici,BR,-11.18,-61.9,92.82,46,31,0.6,scattered clouds
429,Abadiania,BR,-16.2,-48.71,82.4,37,40,9.17,scattered clouds
430,General Pico,AR,-35.66,-63.76,84.51,19,21,14.54,few clouds
431,Teguldet,RU,57.31,88.17,4.77,93,48,2.82,scattered clouds
432,Cosala,MX,24.41,-106.69,80.01,57,0,5.01,clear sky
433,Goure,NE,13.98,10.27,81.0,19,0,7.0,clear sky
434,Leningradskiy,RU,69.38,178.42,7.57,92,100,15.57,overcast clouds
435,Dudinka,RU,69.41,86.18,5.0,84,90,29.08,snow
436,Rosetta,EG,31.4,30.42,62.6,77,20,4.7,few clouds
437,Puerto Del Rosario,ES,28.5,-13.86,62.6,88,40,6.93,scattered clouds
438,Bissau,GW,11.86,-15.6,82.4,58,0,1.12,clear sky
439,Laguna,US,38.42,-121.42,59.0,50,1,3.36,clear sky
440,San Cristobal,VE,7.77,-72.22,87.8,58,40,4.7,scattered clouds
441,Mana,GF,5.66,-53.78,82.4,75,65,11.45,broken clouds
442,Maragogi,BR,-9.01,-35.22,78.08,75,99,9.71,overcast clouds
443,Svetlogorsk,BY,52.63,29.73,30.0,98,92,6.55,overcast clouds
444,Toora-Khem,RU,52.47,96.11,-2.65,88,7,0.67,clear sky
445,Yamada,JP,39.47,141.95,37.18,80,8,5.7,clear sky
446,Sao Sebastiao,BR,-23.76,-45.41,79.29,75,15,4.14,few clouds
447,Olafsvik,IS,64.89,-23.71,31.69,93,65,15.93,broken clouds
448,Burnie,AU,-41.07,145.92,48.99,81,7,5.99,clear sky
449,Poum,NC,-20.23,164.02,75.76,70,0,15.9,clear sky
450,Mitsamiouli,KM,-11.38,43.28,80.26,74,94,9.08,overcast clouds
451,Beira,MZ,-19.84,34.84,82.4,78,75,11.41,broken clouds
452,Verkhnevilyuysk,RU,63.45,120.32,-13.23,89,91,5.91,overcast clouds
453,Resistencia,AR,-27.46,-58.98,96.8,50,40,13.87,thunderstorm
454,Santa Maria,BR,-29.68,-53.81,87.8,55,75,6.93,broken clouds
455,Kiunga,PG,-6.12,141.29,74.41,98,100,1.16,moderate rain
456,Calca,PE,-13.33,-71.95,66.2,37,40,4.7,scattered clouds
457,Puerto Lempira,HN,15.27,-83.77,83.25,67,1,7.78,clear sky
458,Santa Cruz,BO,-17.8,-63.17,96.8,41,40,17.22,scattered clouds
459,Ilheus,BR,-14.79,-39.05,82.4,74,75,11.41,broken clouds
460,Pisco,PE,-13.7,-76.22,73.4,69,0,16.11,clear sky
461,Severo-Kurilsk,RU,50.68,156.12,29.7,92,100,6.71,light snow
462,Ayan,RU,56.45,138.17,2.62,87,11,15.86,few clouds
463,Bend,US,44.06,-121.32,43.0,48,0,6.87,clear sky
464,Yar-Sale,RU,66.83,70.83,19.17,95,100,22.79,overcast clouds
465,Cabo San Lucas,MX,22.89,-109.91,80.01,64,5,3.36,clear sky
466,Samfya,ZM,-11.36,29.56,75.06,57,79,4.41,broken clouds
467,Jiaojiang,CN,28.68,121.44,52.0,76,98,1.99,overcast clouds
468,Cochabamba,BO,-17.39,-66.16,87.8,18,20,11.41,few clouds
469,Tessalit,ML,20.2,1.01,69.01,23,0,7.94,clear sky
470,Seda,LV,57.65,25.75,30.99,92,100,5.01,overcast clouds
471,Asfi,MA,32.3,-9.24,63.12,78,71,5.99,light rain
472,Manokwari,ID,-0.87,134.08,79.45,75,97,3.67,heavy intensity rain
473,Atar,MR,20.52,-13.05,80.6,26,100,6.93,overcast clouds
474,Lompoc,US,34.64,-120.46,66.2,22,1,4.54,clear sky
475,Zaysan,KZ,47.47,84.87,17.15,83,93,4.83,overcast clouds
476,Djenne,ML,13.91,-4.55,83.68,20,39,8.1,scattered clouds
477,Dubuque,US,42.48,-90.87,41.0,69,75,19.46,broken clouds
478,Bosaso,SO,11.28,49.18,78.15,73,2,6.13,clear sky
479,Gamba,GA,-2.65,10.0,77.83,89,76,3.65,broken clouds
480,Daru,PG,-9.08,143.21,79.3,86,65,8.48,broken clouds
481,Karratha,AU,-20.74,116.85,79.38,41,0,9.17,light rain
482,Platteville,US,42.73,-90.48,41.0,72,90,17.22,overcast clouds
483,Luwuk,ID,-0.95,122.79,78.28,77,99,3.47,heavy intensity rain
484,Saint-Georges,GD,12.06,-61.75,84.2,79,40,20.8,scattered clouds
485,Porto Novo,BJ,6.5,2.6,82.4,83,20,8.05,few clouds
486,Fernley,US,39.61,-119.25,46.99,33,17,4.0,few clouds
487,Khani,GE,41.96,42.96,46.4,65,0,8.05,clear sky
488,Kiruna,SE,67.86,20.23,24.8,85,0,11.41,clear sky
489,Ketchikan,US,55.34,-131.65,44.6,100,90,20.8,heavy intensity rain
490,Gat,IL,31.61,34.76,60.01,82,0,4.23,clear sky
491,Laje,BR,-10.18,-40.97,80.19,49,63,10.74,broken clouds
492,Belyy Yar,RU,53.6,91.39,12.2,85,90,4.47,light snow
493,Roald,NO,62.58,6.13,46.99,61,75,13.87,broken clouds
494,Komsomolskiy,UZ,40.43,71.72,30.2,86,0,4.7,mist
495,Aktau,KZ,43.65,51.2,32.0,70,0,15.66,clear sky
496,Havelock,US,34.88,-76.9,68.0,67,1,9.17,clear sky
497,Longido,TZ,-2.73,36.68,67.84,80,100,13.38,light rain
498,Motygino,RU,58.18,94.76,2.89,92,4,3.65,clear sky
499,Ostrovnoy,RU,68.05,39.51,28.83,95,100,30.51,overcast clouds
500,Akcakoca,TR,41.09,31.12,52.74,43,100,4.83,overcast clouds
501,Mineiros,BR,-17.57,-52.55,88.05,39,31,4.74,scattered clouds
502,Walvis Bay,NA,-22.96,14.51,59.0,82,0,6.93,clear sky
503,Lumeje,AO,-11.55,20.78,68.47,88,100,7.31,light rain
504,Kasimov,RU,54.94,41.4,35.85,92,100,13.58,overcast clouds
505,Vanimo,PG,-2.67,141.3,78.48,84,99,3.27,light rain
506,Bilibino,RU,68.05,166.44,-13.74,86,100,0.92,overcast clouds
507,Cordoba,AR,-31.41,-64.18,69.01,94,75,13.87,moderate rain
508,Manoel Urbano,BR,-8.84,-69.26,92.93,44,85,1.52,heavy intensity rain
509,Oranjemund,NA,-28.55,16.43,60.89,81,0,12.41,clear sky
510,Bilma,NE,18.69,12.92,72.48,21,0,5.44,clear sky
511,Wasilla,US,61.58,-149.44,26.01,92,1,3.36,clear sky
512,Bangolo,CI,7.01,-7.47,75.11,85,6,1.19,clear sky
513,Belmonte,BR,-15.86,-38.88,84.2,66,75,4.7,broken clouds
514,Nanortalik,GL,60.14,-45.24,28.36,86,100,5.08,overcast clouds
515,Maniitsoq,GL,65.42,-52.9,29.05,97,100,17.96,snow
516,Kalaleh,IR,37.38,55.49,46.4,87,75,1.81,broken clouds
517,Tiksi,RU,71.69,128.87,2.32,89,100,21.32,overcast clouds
518,Heishan,CN,41.69,122.11,18.54,82,0,5.21,clear sky
519,Sirsa,IN,29.53,75.02,62.42,27,0,2.68,clear sky
520,Inuvik,CA,68.35,-133.72,-2.2,84,100,4.7,overcast clouds
521,Anshun,CN,26.25,105.93,41.61,81,100,5.23,overcast clouds
522,Bangalore,IN,12.98,77.6,68.0,100,40,4.7,scattered clouds
523,Kieta,PG,-6.22,155.63,80.15,79,85,3.65,overcast clouds
524,Kirakira,SB,-10.45,161.92,81.16,76,100,7.07,overcast clouds
525,Arlit,NE,18.74,7.39,80.96,16,0,7.14,clear sky
526,Krasnokamensk,RU,50.1,118.04,-2.97,86,1,3.6,clear sky
527,Port Hedland,AU,-20.32,118.57,78.8,88,0,9.17,clear sky
528,Cayenne,GF,4.93,-52.33,84.2,74,40,9.17,scattered clouds
529,Shenjiamen,CN,29.96,122.3,54.25,71,81,17.34,broken clouds
530,Kavaratti,IN,10.57,72.64,82.24,68,0,1.97,clear sky
531,Macklin,CA,52.33,-109.93,15.8,85,33,10.29,scattered clouds
532,Los Llanos De Aridane,ES,28.66,-17.92,68.0,49,20,9.17,few clouds
533,Naron,ES,43.52,-8.15,57.0,80,100,1.99,overcast clouds
534,Dashitou,CN,43.31,128.51,9.66,90,0,7.81,clear sky
535,Wernigerode,DE,51.83,10.78,37.0,93,40,1.01,scattered clouds
536,Vila,PT,42.03,-8.16,50.0,83,100,5.01,overcast clouds
537,Egvekinot,RU,66.32,-179.17,4.91,91,61,10.27,broken clouds
538,Fare,PF,-16.7,-151.02,81.88,74,13,8.39,few clouds
539,Tiznit,MA,29.58,-9.5,59.45,71,100,2.73,light rain
540,Warora,IN,20.23,79.0,69.31,60,0,4.09,clear sky
541,Kudahuvadhoo,MV,2.67,72.89,81.99,66,1,7.18,clear sky
542,Port Antonio,JM,18.18,-76.46,86.0,62,20,23.04,few clouds
543,Najran,SA,17.49,44.13,75.2,38,75,2.84,broken clouds
544,Verkhovazhye,RU,60.75,42.05,26.51,96,100,7.27,overcast clouds
545,Grobina,LV,56.54,21.17,33.8,88,100,1.12,overcast clouds
546,Praia,CV,14.92,-23.51,73.4,69,75,13.87,broken clouds
547,Manta,EC,-0.95,-80.73,77.0,78,90,8.05,overcast clouds
548,Ambon,ID,-3.7,128.18,81.0,96,100,6.6,moderate rain
549,Darhan,MN,49.49,105.92,6.51,90,79,4.83,broken clouds
550,Oriximina,BR,-1.77,-55.87,91.76,48,43,6.2,scattered clouds
551,Tabuk,PH,17.42,121.44,70.72,90,100,8.55,overcast clouds
552,Amos,CA,48.57,-78.12,35.6,80,90,5.82,overcast clouds
553,Kununurra,AU,-15.77,128.73,80.6,88,40,3.36,scattered clouds
554,Novonukutskiy,RU,53.7,102.71,10.49,95,100,3.85,light snow
555,Flinders,AU,-34.58,150.86,64.0,74,71,6.96,broken clouds
556,Buala,SB,-8.14,159.59,80.73,77,99,5.28,overcast clouds
557,Upata,VE,8.01,-62.4,88.0,64,64,1.01,light rain
558,Barra Do Corda,BR,-5.5,-45.25,88.7,53,90,4.14,overcast clouds
559,Kismayo,SO,-0.36,42.55,80.92,79,0,12.44,clear sky
560,Itoman,JP,26.12,127.67,68.0,60,75,14.99,broken clouds
561,Haines Junction,CA,60.75,-137.51,26.6,92,34,2.24,scattered clouds
562,Tazovskiy,RU,67.47,78.7,13.71,96,100,16.33,overcast clouds
563,Meulaboh,ID,4.14,96.13,76.12,89,70,3.69,broken clouds
564,Sira,IN,13.75,76.91,67.87,96,28,6.64,scattered clouds
565,Berlevag,NO,70.86,29.09,32.0,88,0,31.09,clear sky
566,Santa Maria Del Oro,MX,25.93,-105.37,66.72,27,0,3.58,clear sky
567,Esso,RU,55.93,158.7,4.84,83,28,2.37,scattered clouds
568,Acapulco,MX,16.86,-99.89,86.0,70,40,6.93,scattered clouds
569,Jaque,PA,7.52,-78.17,81.43,78,99,4.45,light rain
570,Pacifica,US,37.61,-122.49,59.0,62,20,3.36,few clouds
571,Curaca,BR,-8.99,-39.91,91.38,27,27,12.57,scattered clouds
572,Sroda Wielkopolska,PL,52.23,17.28,32.0,81,89,1.99,overcast clouds
573,Bobo Dioulasso,BF,11.18,-4.3,86.0,45,0,4.7,clear sky
574,Goderich,CA,43.75,-81.72,46.4,61,100,13.87,overcast clouds
575,Okhotsk,RU,59.38,143.3,4.17,85,100,15.41,overcast clouds
576,Sonqor,IR,34.78,47.6,46.4,87,40,2.98,scattered clouds
577,Atikokan,CA,48.76,-91.62,23.25,93,100,11.61,overcast clouds
578,Kanye,BW,-24.97,25.33,73.17,47,8,4.38,clear sky
579,Ajdabiya,LY,30.76,20.23,63.28,59,0,9.46,clear sky
580,Hanna,CA,51.63,-111.9,21.2,85,84,11.41,broken clouds
581,Belturbet,IE,54.1,-7.45,46.99,90,100,3.0,overcast clouds
582,Williams Lake,CA,52.14,-122.14,32.0,83,90,19.46,overcast clouds
583,Hamilton,US,39.18,-84.53,55.0,46,1,4.7,clear sky
584,Calahorra,ES,42.31,-1.97,48.99,93,0,3.36,clear sky
585,Minnedosa,CA,50.25,-99.84,24.8,62,20,12.75,few clouds
586,Tiebissou,CI,7.16,-5.23,78.8,83,20,5.97,few clouds
587,Olden,NO,61.84,6.81,46.4,61,75,5.82,broken clouds
588,Teya,RU,60.38,92.63,7.27,90,77,3.71,broken clouds
589,Namatanai,PG,-3.67,152.43,78.1,79,100,4.25,overcast clouds
590,Nuevo Ideal,MX,24.89,-105.07,66.87,28,0,4.07,clear sky
591,Sakaiminato,JP,35.55,133.23,50.0,66,75,10.29,broken clouds
592,Acarau,BR,-2.89,-40.12,82.65,67,77,19.57,broken clouds
593,Linden,GY,6.0,-58.3,77.0,100,75,2.24,thunderstorm
594,Nevelsk,RU,46.67,141.86,12.2,92,75,4.47,light shower snow
595,Griffith,US,41.53,-87.42,51.01,52,1,12.75,clear sky
596,Antofagasta,CL,-23.65,-70.4,70.0,68,75,18.34,broken clouds
597,Huarmey,PE,-10.07,-78.15,70.88,70,78,11.88,broken clouds
598,Loandjili,CG,-4.76,11.86,78.55,87,100,4.36,overcast clouds
599,Suda,RU,59.15,37.56,28.4,100,90,6.71,overcast clouds
600,Sal Rei,CV,16.18,-22.92,75.2,60,40,10.29,scattered clouds
601,Cururupu,BR,-1.83,-44.87,82.76,72,93,7.0,overcast clouds
602,Mabaruma,GY,8.2,-59.78,83.53,72,38,5.08,scattered clouds
603,Batagay-Alyta,RU,67.8,130.41,-4.47,82,54,3.09,broken clouds
604,Lata,PT,40.16,-8.33,55.0,85,58,4.72,broken clouds
605,Hopelchen,MX,19.77,-89.85,86.0,62,40,11.41,scattered clouds
606,Sobolevo,RU,54.43,31.9,30.52,98,99,5.14,overcast clouds
607,Pala,TD,9.36,14.9,77.16,25,100,3.38,overcast clouds
608,Wattegama,LK,6.8,81.48,78.8,94,0,6.93,clear sky
609,Vagur,FO,61.47,-6.81,46.36,68,100,34.96,light rain
610,Rawson,AR,-43.3,-65.1,60.93,33,0,11.27,clear sky
611,Chimoio,MZ,-19.12,33.48,70.61,94,100,1.52,moderate rain
612,Lieksa,FI,63.32,30.02,25.38,96,97,7.52,overcast clouds
613,Kharp,RU,66.8,65.81,14.34,92,100,11.81,overcast clouds
614,Jiuquan,CN,39.74,98.52,20.43,85,11,0.76,few clouds
615,Limbang,MY,4.75,115.0,77.0,88,75,8.05,broken clouds
616,Neftegorsk,RU,52.8,51.17,17.22,95,0,8.61,clear sky
617,Port Macquarie,AU,-31.43,152.92,70.0,71,83,1.01,broken clouds
618,Hami,CN,42.8,93.45,23.99,84,98,4.54,overcast clouds
619,Adrar,MR,20.5,-10.07,70.75,25,100,5.44,overcast clouds
620,Mnogovershinnyy,RU,53.94,139.92,7.18,96,100,5.97,overcast clouds
621,Yenagoa,NG,4.92,6.26,77.18,87,100,5.06,overcast clouds
622,Marawi,PH,8.0,124.29,73.99,89,96,3.0,overcast clouds
623,Aranda De Duero,ES,41.67,-3.69,45.59,67,100,2.89,overcast clouds
624,Bereznik,RU,62.86,42.71,17.28,97,100,6.55,overcast clouds
625,San Julian,MX,21.02,-102.17,78.19,26,0,12.06,clear sky
626,Fort Frances,CA,48.6,-93.4,23.0,73,90,16.11,overcast clouds
627,Punto Fijo,VE,11.7,-70.2,84.45,70,100,21.92,overcast clouds
628,San Policarpo,PH,12.18,125.51,80.55,83,96,15.26,overcast clouds
629,Aromashevo,RU,56.86,68.64,1.31,93,8,4.79,clear sky
630,Nebbi,UG,2.48,31.09,67.87,63,90,4.99,overcast clouds
631,Pucara,PE,-15.98,-71.46,68.0,34,75,11.41,light rain
632,Rastolita,RO,46.97,24.99,32.0,83,28,0.34,scattered clouds
633,Krasnoselkup,RU,65.7,82.47,5.22,93,100,13.69,overcast clouds
634,La Orilla,MX,17.98,-102.23,82.9,66,0,8.19,clear sky
635,Coro,VE,11.4,-69.67,84.43,70,98,16.73,overcast clouds
636,Tateyama,JP,34.98,139.87,46.4,65,75,9.17,broken clouds
637,Karasburg,NA,-28.02,18.75,74.08,20,0,9.82,clear sky
638,Bahir Dar,ET,11.59,37.39,63.68,74,80,5.21,light rain
639,Georgiyevka,KZ,43.04,74.71,21.2,85,90,2.24,overcast clouds
640,Ous,RU,60.91,61.52,11.52,94,0,3.24,clear sky
641,Guane,CU,22.2,-84.09,80.49,65,46,8.86,scattered clouds
642,Honningsvag,NO,70.98,25.97,41.95,67,100,24.11,overcast clouds
643,Kasulu,TZ,-4.58,30.1,73.4,88,75,2.73,broken clouds
644,Dorado,PR,18.46,-66.27,82.4,69,40,11.41,scattered clouds
645,La Libertad,EC,-2.23,-80.9,78.8,69,20,8.05,few clouds
646,Auki,SB,-8.77,160.7,78.57,83,100,4.74,overcast clouds
647,Woodstock,CA,43.13,-80.75,50.0,61,99,10.29,overcast clouds
648,Manggar,ID,-2.88,108.27,78.51,86,63,5.17,broken clouds
649,Rundu,NA,-17.93,19.77,70.65,78,100,0.92,overcast clouds
650,Porbandar,IN,21.64,69.61,76.12,71,0,2.3,clear sky
651,Ust-Maya,RU,60.42,134.53,-17.09,88,89,0.56,overcast clouds
652,Xuddur,SO,4.12,43.89,78.39,52,0,8.34,clear sky
653,Ler,SS,8.3,30.14,78.35,25,3,4.07,clear sky
654,Verkhovyna,UA,48.16,24.79,25.11,93,18,1.63,few clouds
655,Dhidhdhoo,MV,6.88,73.1,83.03,71,14,8.3,few clouds
656,Moldava Nad Bodvou,SK,48.61,21.0,32.0,95,90,2.24,mist
657,Ust-Kuyga,RU,70.02,135.6,-15.63,86,100,10.96,overcast clouds
658,Shepsi,RU,44.04,39.15,54.01,43,0,4.09,clear sky
659,Vianopolis,BR,-16.74,-48.52,75.56,68,73,8.08,broken clouds
660,Scarborough,GB,54.28,-0.4,45.0,94,92,6.26,overcast clouds
661,Kaseda,JP,31.42,130.32,51.58,72,41,14.2,scattered clouds
662,Zeya,RU,53.75,127.27,3.18,83,100,4.36,overcast clouds
663,Boca Do Acre,BR,-8.75,-67.4,92.91,46,100,0.58,overcast clouds
664,Sunnyside,US,46.32,-120.01,39.99,100,90,1.7,fog
665,Torata,PE,-17.08,-70.84,66.45,43,25,10.71,light rain
666,Hokitika,NZ,-42.72,170.97,53.67,87,100,7.02,light rain
667,Bembibre,ES,42.62,-6.42,52.0,91,100,1.01,overcast clouds
668,Oksfjord,NO,70.24,22.35,44.6,70,75,8.05,broken clouds
669,Mahon,ES,39.89,4.27,55.4,87,20,8.05,few clouds
